Workbook

Sheet Romaneios
A1: Dt. Romaneio | B1: Filial | C1: Nome Fantasia | D1: Num.PV | E1: Num.NF
A2: 46302 | B2: 101 | C2: ALBERT EINSTEIN | D2: 68513 | E2: 178745
A3: 46302 | B3: 101 | C3: ALBERT EINSTEIN | D3: 68739 | E3: 178811
A4: 46302 | B4: 101 | C4: ALBERT EINSTEIN | D4: 68741 | E4: 178810
A5: 46302 | B5: 101 | C5: ALBERT EINSTEIN | D5: 68742 | E5: 178807
A6: 46302 | B6: 101 | C6: ALBERT EINSTEIN | D6: 68753 | E6: 178812
A7: 46302 | B7: 101 | C7: ALBERT EINSTEIN | D7: 69034 | E7: 178808
A8: 46302 | B8: 101 | C8: ALBERT EINSTEIN | D8: 69493 | E8: 178809
A9: 46302 | B9: 101 | C9: DAVITA INDIANOPOLIS | D9: 67045 | E9: 178789
A10: 46302 | B10: 101 | C10: DAVITA INDIANOPOLIS | D10: 67046 | E10: 178788
A11: 46302 | B11: 101 | C11: DAVITA INDIANOPOLIS | D11: 67070 | E11: 178784
A12: 46302 | B12: 101 | C12: DAVITA INDIANOPOLIS | D12: 67071 | E12: 178787
A13: 46302 | B13: 101 | C13: ALBERT EINSTEIN | D13: 64092 | E13: 174996
... A21: 46302 | B21: 101 | C21: DASA RECIFE 61.486.6 | D21: 69745 | E21: 178815
A22: 46302 | B22: 101 | C22: BENEFICENCIA SP | E22: 178829
A23: 46302 | B23: 101 | C23: TJ RAJ 01 MATRIZ | D23: 68720 | E23: 178665
A24: 46302 | B24: 101 | C24: TJ RAJ 01 MATRIZ | D24: 69132 | E24: 178799
A25: 46302 | B25: 101 | C25: TJ RAJ 04 | D25: 67880 | E25: 176561
A26: 46302 | B26: 101 | C26: TJ RAJ 06 | D26: 67953 | E26: 178231
A27: 46302 | B27: 101 | C27: TJ RAJ 10 | D27: 67452 | E27: 178408
A28: 46302 | B28: 101 | C28: INFANTE DOM HENRIQUE | D28: 69265 | E28: 178553
A29: 46302 | B29: 101 | C29: HOSPITAL EST SUMARE | D29: 69188 | E29: 178574
A30: 46302 | B30: 101 | C30: TJ RAJ 01 MATRIZ | D30: 69126 | E30: 178691
A31: 46302 | B31: 101 | C31: TJ RAJ 04 | D31: 67736 | E31: 178655
A32: 46302 | B32: 101 | C32: TJ RAJ 04 | D32: 68714 | E32: 178664
A33: 46302 | B33: 101 | C33: TJ RAJ 04 | D33: 69107 | E33: 178673
A34: 46302 | B34: 101 | C34: TJ RAJ 04 | D34: 69113 | E34: 178674
... A36: 46302 | B36: 101 | C36: TJ RAJ 06 | D36: 69119 | E36: 178676
A37: 46303 | B37: 101 | C37: DASA PQ DUQUE CAXIAS | E37: 178864
A38: 46303 | B38: 0 | C38: DASA PQ DUQUE CAXIAS | D38: 68875 | E38: 178833
A39: 46303 | B39: 101 | C39: DASA PQ DUQUE CAXIAS | D39: 69385 | E39: 178832
A40: 46303 | B40: 101 | C40: DASA PQ DUQUE CAXIAS | D40: 69386 | E40: 178843
A41: 46303 | B41: 101 | C41: DASA PQ DUQUE CAXIAS | D41: 69552 | E41: 178842
A42: 46303 | B42: 101 | C42: DASA PQ DUQUE CAXIAS | D42: 69699 | E42: 178858
A43: 46303 | B43: 101 | C43: DASA ALTA EXCELENCIA | D43: 68655 | E43: 178845
A44: 46303 | B44: 101 | C44: DASA ALTA EXCELENCIA | D44: 69219 | E44: 178846
A45: 46303 | B45: 101 | C45: DASA DIAGNOSTICO | D45: 69475 | E45: 178854
A46: 46303 | B46: 101 | C46: DASA DIAGNOSTICO | D46: 68521 | E46: 178853
A47: 46303 | B47: 101 | C47: DASA DIAGNOSTICO | D47: 69274 | E47: 178830
A48: 46303 | B48: 101 | C48: MASTER HIGIMED RJ | D48: 69935 | E48: 178986
A49: 46303 | B49: 102 | C49: DASA MADUREIRA | D49: 432 | E49: 475
... A71: 46303 | B71: 101 | C71: HOSP SAO VICENTE | D71: 69434 | E71: 178600
A72: 46303 | B72: 101 | C72: HAPVIDA | E72: 178816
A73: 46303 | B73: 101 | C73: HAPVIDA | D73: 69671 | E73: 178814
A74: 46303 | B74: 101 | C74: HOSP SAO VICENTE | D74: 69512 | E74: 178818
A75: 46303 | B75: 101 | C75: HOSP SAO VICENTE | D75: 69535 | E75: 178819
A76: 46303 | B76: 101 | C76: HOSP SAO VICENTE | D76: 69540 | E76: 178840
A77: 46303 | B77: 101 | C77: HOSP SAO VICENTE | D77: 69547 | E77: 178841
A78: 46303 | B78: 101 | C78: HOSP SAO VICENTE | D78: 69548 | E78: 178822
A79: 46303 | B79: 101 | C79: HOSP SAO VICENTE | D79: 69576 | E79: 178823
A80: 46303 | B80: 101 | C80: HOSP SAO VICENTE | D80: 69578 | E80: 178824
A81: 46303 | B81: 101 | C81: DASA 61.486.650/1161 | D81: 69766 | E81: 178847
A82: 46303 | B82: 101 | C82: TJ RAJ 01 MATRIZ | D82: 68347 | E82: 178743
A83: 46303 | B83: 101 | C83: HOSP SANTA VIRGINIA | D83: 68945 | E83: 178870
A84: 46303 | B84: 101 | C84: LIDERANCA MG | D84: 69560 | E84: 178881
... A105: 46304 | B105: 101 | C105: SIRIO LIBANES | D105: 62473 | E105: 178453
A106: 46304 | B106: 101 | C106: SIRIO LIBANES | E106: 178966
A107: 46304 | B107: 101 | C107: SIRIO LIBANES | D107: 68540 | E107: 178947
A108: 46304 | B108: 101 | C108: DIVISAO DELBONI | D108: 69672 | E108: 178888
A109: 46304 | B109: 101 | C109: DASA DIAGNOSTICO | D109: 69742 | E109: 178909
A110: 46304 | B110: 101 | C110: DASA SALOMAO E ZOPPI | D110: 69674 | E110: 178926
A111: 46304 | B111: 101 | C111: SAO CAMILO SANTANA | D111: 69684 | E111: 178887
A112: 46304 | B112: 101 | C112: SAO CAMILO SANTANA | D112: 69888 | E112: 178944
A113: 46304 | B113: 101 | C113: HOSP SANTA CATARINA | D113: 69295 | E113: 178945
A114: 46304 | B114: 101 | C114: HOSP SANTA CATARINA | D114: 69723 | E114: 178928
A115: 46304 | B115: 101 | C115: SIRIO LIBANES | E115: 178874
A116: 46304 | B116: 101 | C116: SIRIO LIBANES | D116: 68344 | E116: 178942
A117: 46304 | B117: 101 | C117: SIRIO LIBANES | D117: 68681 | E117: 178941
A118: 46304 | B118: 101 | C118: SIRIO LIBANES | D118: 69041 | E118: 178939
A119: 46304 | B119: 101 | C119: SIRIO LIBANES | D119: 69195 | E119: 178872
A120: 46304 | B120: 101 | C120: ALBERT EINSTEIN | D120: 69424 | E120: 178851
A121: 46304 | B121: 101 | C121: DASA ITAIM BIBI | D121: 68994 | E121: 178904
A122: 46304 | B122: 101 | C122: DASA 61.486.650/0273 | D122: 68990 | E122: 178902
A123: 46304 | B123: 101 | C123: DASA 45.796.554/0003 | D123: 69479 | E123: 178922
A124: 46304 | B124: 101 | C124: DASA 45.796.554/0011 | D124: 69438 | E124: 178924
A125: 46304 | B125: 101 | C125: DASA | D125: 69707 | E125: 178898
A126: 46304 | B126: 101 | C126: DASA | D126: 69708 | E126: 178897
A127: 46304 | B127: 101 | C127: DASA | D127: 69709 | E127: 178896
... A171: 46304 | B171: 101 | C171: TJ RAJ 01 MATRIZ | D171: 68341 | E171: 178563
A172: 46304 | B172: 101 | C172: DASA 61.486.650/1161 | E172: 178959
A173: 46304 | B173: 101 | C173: HOSP SANTA CATARINA | D173: 69300 | E173: 178930
A174: 46304 | B174: 101 | C174: HOSP NIPO BRASILEIRO | D174: 69563 | E174: 178936
A175: 46304 | B175: 101 | C175: DASA CUIABA | D175: 68970 | E175: 178750
A176: 46304 | B176: 101 | C176: DASA CUIABA | D176: 69464 | E176: 178869
A177: 46304 | B177: 101 | C177: DASA DF | D177: 68813 | E177: 178971
A178: 46304 | B178: 101 | C178: ALTANA BORGES LAGOA | E178: 178978
A179: 46304 | B179: 101 | C179: BENEFICENCIA SP | D179: 69065 | E179: 178850
A180: 46304 | B180: 101 | C180: BENEFICENCIA SP | D180: 62288 | E180: 178985
A181: 46304 | B181: 101 | C181: BENEFICENCIA SP | D181: 69394 | E181: 178980
A182: 46304 | B182: 101 | C182: BENEFICENCIA SP | D182: 69395 | E182: 178979
A183: 46304 | B183: 101 | C183: CLINICA PREMIUM CARE | D183: 69393 | E183: 178987
A184: 46304 | B184: 101 | C184: DASA S JOSE PINHAIS | D184: 69365 | E184: 178834
A185: 46304 | B185: 101 | C185: DASA CASCAVEL | D185: 69345 | E185: 178835
A186: 46304 | B186: 101 | C186: MARINGA MED NUCLEAR | E186: 178886
A187: 46304 | B187: 101 | C187: ACALANTO CLINICA | E187: 179000
A188: 46304 | B188: 101 | C188: ACALANTO CLINICA | E188: 179000
A189: 46304 | B189: 101 | C189: DASA CTO BORIS BEREN | D189: 68937 | E189: 178960
A190: 46304 | B190: 101 | C190: DASA RECIFE 61.486.6 | D190: 68865 | E190: 178981
A191: 46304 | B191: 101 | C191: DASA RECIFE 61.486.6 | D191: 69747 | E191: 178992
A192: 46304 | B192: 101 | C192: CLINICA PREMIUM CARE | E192: 179012
...

Sheet DadosRomaneios
A1: {=_xlfn.UNIQUE(Romaneios!A1:A1429)} -> Dt. Romaneio | B1: Qtd. Expedição
A2: 46302 | B2: =COUNTIF(Romaneios!A:A,DadosRomaneios!A2) -> 35
A3: 46303 | B3: =COUNTIF(Romaneios!A:A,DadosRomaneios!A3) -> 62
A4: 46304 | B4: =COUNTIF(Romaneios!A:A,DadosRomaneios!A4) -> 114
A5: 46305 | B5: =COUNTIF(Romaneios!A:A,DadosRomaneios!A5) -> 13
A6: 46306 | B6: =COUNTIF(Romaneios!A:A,DadosRomaneios!A6) -> 50
A7: 46307 | B7: =COUNTIF(Romaneios!A:A,DadosRomaneios!A7) -> 8
A8: 46308 | B8: =COUNTIF(Romaneios!A:A,DadosRomaneios!A8) -> 148
A9: 46309 | B9: =COUNTIF(Romaneios!A:A,DadosRomaneios!A9) -> 139
A10: 46310 | B10: =COUNTIF(Romaneios!A:A,DadosRomaneios!A10) -> 92
A11: 46311 | B11: =COUNTIF(Romaneios!A:A,DadosRomaneios!A11) -> 57
A12: 46312 | B12: =COUNTIF(Romaneios!A:A,DadosRomaneios!A12) -> 2
A13: 46313 | B13: =COUNTIF(Romaneios!A:A,DadosRomaneios!A13) -> 1
... A21: 46322 | B21: =COUNTIF(Romaneios!A:A,DadosRomaneios!A21) -> 76
